DATEMODIF,HMODIF,SIZE,NAME
07/03/2007,12:35,6823,allfixed2.SAS
12/03/2007,12:03,7795,allfixedB2.SAS
05/03/2007,11:56,8653,ARIS_READ.sas
13/10/2005,11:49,20473,bootstrapcox.sas
29/09/2003,11:20,12364,CIPlot.sas
20/03/2007,14:52,2085,clean_table.sas
20/01/2005,18:50,2278,corrtable.sas
20/01/2005,18:56,7593,cutpoint.sas
08/12/2006,11:53,4842,drop.sas
29/05/2002,13:33,1437,dummies.sas
13/03/2006,12:38,17993,dynamic_balancing_simulation.sas
16/03/2007,15:05,56888,forest2.sas
16/03/2007,15:23,60785,forestB2.sas
16/09/1996,15:56,1323,fplabels.sas
06/02/2007,11:44,14275,GAVG.SAS
06/02/2007,11:46,10098,GCOUNT.SAS
27/03/2003,14:16,1759,GetAge.sas
27/03/2003,14:03,1391,GetBSA.sas
06/02/2007,11:46,12852,GFIRST.SAS
06/02/2007,11:46,12742,GLAST.SAS
06/02/2007,11:46,15856,GMAX.SAS
06/02/2007,11:46,15866,GMIN.SAS
06/02/2007,11:46,12193,GSEQ.SAS
06/02/2007,11:45,14200,GSUM.SAS
06/10/2006,17:00,42423,HazardPlot.SAS
22/12/2006,11:24,55845,Inference.sas
25/07/2006,09:10,15549,Kmplot2.sas
05/07/2002,16:43,5100,logit_miss.sas
06/01/2005,18:41,7492,LSM.sas
17/08/2006,16:35,2023,LSM_QL.sas
29/09/2003,09:37,11610,MedianNP.sas
29/09/2003,09:37,14575,medianR.sas
24/01/1996,13:20,1110,NUMERIC.SAS
25/07/2006,16:14,10718,pctY2.sas
22/07/2002,14:08,2036,Profiles_table.sas
27/09/2006,11:45,1763,pval.sas
11/07/2002,08:27,1474,pvalrnd.sas
23/03/2001,18:04,9245,QLplot_BW.sas
23/03/2001,18:04,8723,QLplot_C.Sas
05/07/2002,13:44,3198,QL_model.sas
04/05/2007,09:12,23841,QoL_comp_F.sas
04/08/2006,10:23,2261,recode.sas
10/08/2006,11:38,2616,recodeS.sas
04/07/2005,08:28,5265,sargent_goldberg.sas
24/06/2002,10:47,18902,Score.sas
29/03/2001,14:21,1820,SearchString.sas
12/12/2001,12:00,79,sort.sas
06/03/2007,17:46,13059,summary2.sas
13/03/2007,12:46,12300,summaryB3.sas
08/06/2007,14:19,60806,Tables2.sas
05/03/2007,15:11,12232,testF2.SAS
